[{"model": "web.restaurant", "pk": 1, "fields": {"name": "NEFT (Нефть)", "description": "О нас\r\n\r\nЛаунж-ресторан NEFT — это уникальное заведение с концептуальным названием, главная цель которого — создание поистине качественного и атмосферного отдыха. NEFT сочетает в себе все самое лучшее из ресторанной и кальянной отрасли: качественное и до мелочей продуманное меню, высокий уровень сервиса и подачи блюд, индивидуальный подход к каждому гостю, идеально подобранный кальянный парк и огромный выбор премиальных позиций бестабачных безникатиновых смесей, а также широкую чайную карту, которая насчитывает более пятидесяти видов чая.\r\n\r\nАтмосфера\r\n\r\nДизайн ресторана разрабатывался исходя из его концепции: выполнен он в темных тонах, а большие панорамные окна уравновешивают контраст тени и света. Над дизайном работала Елена Уралова, которая до мелочей продумала каждый штрих, для воплощения всех ее творческих идей были приглашены мастера из Питера и Риги. Стены и потолок украшают сделанные вручную медные трубы, вся удобная и лаконичная мебель изготавливалась по индивидуальному заказу.\r\n\r\nЗаведение разделено на зоны, состоящие из основного зала и четырех VIP-комнат, две из которых можно превратить в одно пространство. Каждая из VIP-комнат имеет свою особенность, например, у одной из них есть отдельный вход с улицы, в «переговорной» есть собственная уборная, другая имеет угловой панорамный вид. Все VIP-комнаты в ближайшее время будет оснащены игровыми приставками.\r\n\r\nКухня\r\n\r\nОснову меню ресторана NEFT составляют авторские блюда с элементами итальянской кухни в авторской интерпретации. Особое внимание шеф-повар Ткаленко Александр уделяет качеству продуктов, большая часть из которых поставляется из различных регионов Италии. Немаловажная роль здесь также уделяется сохранению всех полезных веществ в продукте, именно поэтому в ресторане можно встретить блюда, приготовленные методом су-вид, на пару и на гриле.\r\n\r\nВсе блюда ресторана по-своему завораживают своим вкусом. Гости заведения уже по достоинству оценили такие позиции из меню, как соте из морепродуктов с соусом из шафрана, фуа-гра с яблочным чатни и мармеладом из радиччо, томатный суп Боккаччо, витаминные салаты, стейк NEFT с соусом из томатов и картофелем фондан, стейк Тепуи с пикантным соусом чимичурри и зеленым пюре.\r\n\r\nДесертная часть порадует гостей ресторана своим изысканным вкусом. В приготовлении десертов используется исключительно бельгийский шоколад Barry Callebaut, а авторский тирамису шеф-повар готовит только сам.\r\n\r\nВ будние дни c 12:00 до 16:00 в ресторане действует обеденное меню, где можно попробовать авторскую домашнюю кухню в ресторанной подаче.\r\n\r\nБар\r\n\r\nВ ресторане достаточно широкое барное меню: от разнообразных настоек до авторских коктейлей. Более того, здесь постоянно расширяется винная карта, которая на данный момент насчитывает более тридцати сортов вин.\r\n\r\nОрганизационные возможности\r\n\r\nВ заведении есть возможность проведения банкетов. Максимальная посадка в основном зале составляет 70 человек, отдельно в VIP-комнатах — до 20 гостей.\r\n\r\nИгра Мафия\r\n\r\nНа основе ресторана-кальянной NEFT открылся первый в Минске клуб Мафии с самыми интересными и легко запоминающимися правилами, которые вы освоите за 10 минут.", "location": "г. Минск, ул. Аранская, 8", "work_time": "Круглосуточно", "image": "images/NEFT_main.jpg", "type": 3, "favourites": [2]}}, {"model": "web.restaurant", "pk": 2, "fields": {"name": "Ресторан «IL Патио (Иль Патио)»", "description": "О нас\r\n\r\n«Итальянская желто-сочная, страстно-пряная, юмористически гарнированная, но в то же время томительно-идеалистическая кухня носит полностью характер итальянских красавиц... Все плавает в масле, разливается сладкими мелодиями и трелями Россини и рыдает от ароматного лука и тоски!», — так писал Генрих Гейне, знавший, как никто другой, толк в еде и в женщинах. Толк в самой популярной кухне мира знают и в итальянском дворике «IL Патио». Это уютное место напоминает семейный итальянский ресторанчик, где еда — это красочное действо. Здесь даже легкая закуска требует соответствующего оформления. Позвольте себе не просто завтрак, обед или ужин, а праздник с сюрпризами и удовольствиями, священнодействие, которое надо с кем-то разделить. В ярком, огненном, наполненном нотками страсти интерьере ресторана «IL Патио» витает запах соуса песто. Мягкий свет, продуманное музыкальное оформление, декор в стиле барокко, светло-кирпичные цвета создают уютную семейную атмосферу итальянского гостеприимства.\r\nКухня в «IL Патио»\r\n\r\nВ ресторанах сети «Иль Патио» гостям предлагают блюда различных регионов Италии: легкие салаты, разнообразные закуски, приготовленную в печи настоящую пиццу, более десяти видов пасты, а также мясо, рыбу и морепродукты, приготовленные на гриле.\r\nОсобенности меню\r\n\r\nЗдесь есть блюда Сицилии и Флоренции, французской и приморской части страны: лазанья, оригинальные блюда из морепродуктов, креветки, мидии, рыба. Меню сопровождают постоянные обновления и специальные предложения. С итальянской страстью повара готовят салат «Цезарь» и карпаччо, суп минестроне, феттучини и пене, медальоны, филе цыплёнка, итальянское мороженое джелати, тирамису или настоящий итальянский хлеб фокачча. Благодаря ресторану «IL Патио» все это доступно для каждого жителя Минска.\r\nОбеденное меню «Иль Патио»\r\n\r\nКаждый будний день до 16.00 вас ждет бизнес-ланч по очень демократичным ценам, а если вы решите пообедать здесь в 3й раз, то получите свой обед В ПОДАРОК!\r\nДосуговая программа\r\n\r\nКаждые выходные целый день здесь проходят детские мастер-классы, а 2 раза в месяц здесь отмечают итальянские праздники: Венецианский карнавал, Фестиваль Шоколада, Праздник винограда и многие другие. В любой день в ресторане могут организовать незабываемый праздник для детей, банкет или романтическое свидание с особой атмосферой и подарками от заведения. \r\nПрограмма лояльности\r\n\r\nКаждый Гость может стать участником бонусной программы «Почетный гость», которая дает возможность накапливать 10% от суммы счета во всех заведениях сети «СООО Белросинтер». Полученные баллы можно использовать для оплаты до 50% от сумы последующих счетов. С подробностями программы можно познакомиться в любом заведении сети. \r\nДоставка\r\n\r\nНастоящая итальянская пицца всего через 50 мин у вас дома!\r\n\r\nСлужба доставки ресторанов СООО «Белросинтер» позволяет заказать домой или в офис одновременно суши, стейк, пиццу, шашлык, - таким образом, удовлетворив пожелания всех! Доставка бесплатная. Минимальный заказ 17 руб.", "location": "Минск, пр-т Независимости, 22", "work_time": "12:00-00:00", "image": "images/il_patio_main_1.jpg", "type": 1, "favourites": []}}, {"model": "web.restaurant", "pk": 3, "fields": {"name": "Ресторан «Славянский двор»", "description": "Славянский двор» — это ресторан, в котором гармонично соединились душевная атмосфера, неподдельное гостеприимство и вежливое обслуживание. Здесь возрождают ценные кулинарные традиции славянской кухни и создают место, где будет приятно и комфортно проводить время с близкими.  \r\nАтмосфера\r\n\r\nРесторан «Славянский двор» впечатляет своими размерами. Уже перед входом есть просторная зеленая поляна. В самом заведении два банкетных зала, способных с комфортом разместить 50—60 гостей в каждом. Старинная мебель, скатерти с национальным орнаментом, домашняя утварь, яркие картины, плетения на стенах, настоящая печь и множество старинных деталей — подчеркивают славянский колорит и располагают к душевному отдыху. \r\nМеню\r\n\r\nНалистники с курицей, грибами и сырным соусом, копна сала с хлебной лустой, грибное лукошко, мачанка по-селянски, деруны с сёмгой и яйцом пашот — в ресторане «Славянский двор» витает самый настоящий славянский дух. К пиву можно заказать мини-чебуреки с говядиной и кинзой. Отдельного внимания заслуживают сладости: торт Папская Кремувка, пирожки с фруктами, домашний сорбет из фруктов, галушки творожные с бананом, вареники с творогом и вишней «от Солохи».\r\n\r\nЯдреный квас, бодрящие морсы. оригинальные настойки ― идеальное дополнение к аппетитной трапезе.\r\n\r\n    Гостеприимная атмосфера, вежливый и дружелюбный персонал.\r\n    Развитый сервис: звуковое и световое оборудование, Wi-Fi, TV, все способы оплаты.\r\n    Владение персоналом иностранными языками.\r\n    Неограниченные возможности для проведения банкетных мероприятий. \r\n    Удобное расположение и собственная бесплатная парковка.\r\n    Доступные цены и выгодные предложения.", "location": "Минск, ул. Червякова, 23", "work_time": "12:00-23:00", "image": "images/slavyansky_dvor_main.jpg", "type": 1, "favourites": []}}, {"model": "web.restaurant", "pk": 4, "fields": {"name": "Ресторан грузинской кухни «Хинкальня»", "description": "Хинкальня» - это идеальное место для ваших встреч.\r\n\r\nТрадиционная кухня, искреннее гостеприимство, радушный персонал, умеренные цены - всё это вы найдёте у нас.\r\n\r\nХинкальня - это уголок Грузии рядом с вашим домом, куда хочется возвращаться снова и снова.\r\n\r\n«Хинкальня»\r\n\r\nВедь дорогие у нас только гости!\r\n\r\nИнтерьер\r\n\r\nВ ресторане «Хинкальня» вы не найдете пестрых зон. Простые линии, разумный минимализм, темное дерево – все, для максимального комфорта гостей. Атмосферу Грузии, ее колорит и гостеприимство передают акцентные элементы – старинные узоры в оформлении, картины на стенах, состаренные ширмы.\r\n\r\nМеню\r\n\r\nБез сомнений говорящее название ресторана определило ключевое блюдо в его различных вариациях –  аппетитные хинкали классические и авторские, которые позволят вам не просто сытно поесть, но и очень вкусно. В меню гости «Хинкальни» также встретят хачапури, суп харчо, салаты, блюда, приготовленные на мангале, грузинское вино и многое другое.\r\n\r\nПраздник со вкусом? Точно «Хинкальня»!\r\n\r\nПростор ресторана – прекрасная возможность для проведения небанального торжества любого формата, свадьбы, деловой встречи. Вкусное меню порадует гостей, комфортный интерьер позволит расслабиться и отлично провести время. Персонал предварительно согласует с вами все нюансы, расскажет о возможностях ресторана и поможет подобрать меню.\r\n\r\nРесторан «Хинкальня для ваших вкусных дней.", "location": "Минск, ул. Интернациональная, 25", "work_time": "12:00-00:00", "image": "images/hinkalnya_main1.jpg", "type": 1, "favourites": [1]}}, {"model": "web.restaurant", "pk": 5, "fields": {"name": "Ресторан-пивоварня «Друзья»", "description": "Ресторан-пивоварня «ДРУЗЬЯ» – один из крупнейших ресторанов в мире. Мини пивзавод чешского производства PACOVSCE STROJIRNY с годовой производительностью пива 350 000 литров, 47 сорта пива собственного производства. Каждый день здесь отдыхает до 2000 гостей, выпивается более чем 500 литров пива, прослушивается около 4 часов живой музыки.\r\n\r\n«Друзья» – это 5 000 кв. метров дружественной атмосферы, высококлассного сервиса, качественной музыки и хорошего настроения!\r\n\r\nМЫ ЗАРЯЖАЕМ ПО МАКСИМУМУ:\r\n\r\nКОМФОРТНЫЕ ЗАЛЫ\r\n\r\nЗалы ресторана подходят для любого события, любого формата: конференц-зал для деловых встреч, панорамная стойка для тех, кто хочет быть ближе к артистам на сцене, дружеский баварский, гостеприимный чешский или стильный ирландский залы – для большой дружной компании. А если вы пришли за уникальными вкусами? – Добро пожаловать в Бар крафтового пива! Летняя терраса и невероятные витражи ждут вас в любом из основных залов ресторана.\r\n\r\nБогатая КУХНЯ\r\n\r\nОсновное меню состоит из разнообразных традиционных блюд пивных стран. Здесь вы найдете как сытные большие блюда, так и легкие закуски и салаты.\r\n\r\nОбеденное меню предлагает целый комплекс из первого, второго и приятного комплимента в виде напитка, вид которого меняется в зависимости от поры года. Также обеденное меню обновляется каждые две недели.\r\nДетское меню – вкусное и полезное, радует не только детей, но и взрослых.\r\n\r\nСВОЯ ПИВОВАРНЯ\r\n\r\nМини пивзавод чешского производства PACOVSCE STROJIRNY с годовой производительностью пива 350 000 литров, 47 сорта пива собственного производства.\r\n\r\nЖивые КОНЦЕРТЫ\r\n\r\nКачественный звук, профессиональное световое шоу и атмосфера грандиозного праздника от лучших кавер-бэндов города ждет вас каждый день. Также в ресторане устраиваются концерты для самой разной публики: группа «Крематорий», «Несчастный случай», «Uma2rman», «IOWA», «Quest Pistols», певица Линда и другие уже порадовали гостей ресторана и это только начало.\r\n\r\nЛЕТНИЙ РЕСТОРАН БИРГАРДЕН\r\n\r\nПивной сад на 250 посадочных с открытой гриль-кухней, нефильтрованным пивом и живой музыкой – что может быть лучше в жаркий летний денек?\r\n\r\nКАРАОКЕ «ДРУЗЬЯ»\r\n\r\nЕсли душа поёт – ей нельзя запрещать! Самое душевное караоке ждет всех любителей микрофона и душевной песни! Ежедневно с 21.00 караоке «ДРУЗЬЯ» для настоящих друзей!\r\n\r\nСВОЯ ТЕРРИТОРИЯ И ПАРКОВКА\r\n\r\nВы на машине, автобусе или велосипеде? - До нас так просто добираться, и так же просто парковаться! А прекрасный вид на Парк Дружбы Народов переносит вас куда-то загород, оставляя при этом вблизи центра Минска.\r\n\r\nРесторан «ДРУЗЬЯ» — место, где корпоратив, день рождения, финал УЕФА или пятница с друзьями превращается в незабываемый праздник!", "location": "Минск, ул. Кульман, 40", "work_time": "12:00-02:00", "image": "images/friends_main1.jpeg", "type": 1, "favourites": [2]}}, {"model": "web.restaurant", "pk": 6, "fields": {"name": "Tesla bar (Тесла бар)", "description": "Концептуальный бар Tesla — то место, где сердце и ум находят общие интересы. Авторские коктейли и шоты, вкусная европейская кухня, дымные кальяны, кавер-бенды, DJ и бармен-шоу — здесь есть все необходимое для комфортного отдыха в компании близких.\r\n\r\nОписание\r\n\r\nTesla bar — коктейльный бар в формате клуба. Днем здесь проходят разнообразные мероприятия (стендапы, рэп-баттлы, выступления кавер-бэндов), ночью — яркие вечеринки с шоу-программами, DJ-сетами и МС-ведущим, когда весь бар трансформируется в единый танцпол. \r\n\r\nИмеются vip-зоны, где можно уединиться, заказать кальян и расслабиться, а также уютная летняя терраса, которая становится продолжением бара с небольшим количеством столов (3 стола), где можно провести спокойный вечер. Барная стойка расположена таким образом, чтобы обслуживать гостей на террасе и проходящих мимо гуляющих по ул. Зыбицкой, которые желают взять что-либо из напитков с собой. \r\n\r\nИнтерьер\r\n\r\nTesla bar имеет молодой индустриальный интерьер с обилием свободного пространства и сохранением промышленных деталей. Здесь можно встретить дизайнерские картины изобретателя Никола Тесла и объектами, связанными с его деятельностью (лампы, светящаяся стена с физическими формулами). Особо уединенную атмосферу создает отсутствие классического освещения и наличие специального светооборудования (стробоскопы, световые лучи, ультрафиолетовые лампы, светодиодные ленты). \r\n\r\nМеню\r\n\r\nКухня в Tesla bar смешанная, в приоритете — европейская. Острые куриные крылышки в кунжуте, сэндвич с беконом, севиче с лососем и авокадо, сыр бри в в панировке с брусничным соусом, урамаки с чука салатом и лососем — каждый здесь сможет найти блюдо по вкусу. \r\n\r\nОсобенности коктейльной карты: 18 авторских коктейлей, основанные на фирменных настойках, фирменные домашние настойки (10 видов), сеты шотов для больших компаний.\r\n\r\nБанкетное обслуживание\r\n\r\nTesla bar может стать отличным местом для проведения торжеств. Зал способен с комфортом разместить до 50 гостей. Свободная расстановка столов, зонирование пространства, разработка индивидуального меню — все оговаривается заранее. Есть возможность предоставления программы с диджеем и ведущим, караоке, танцпол, кальяны. Индивидуальный подход, высокий профессионализм и вежливое обслуживание — гарантируются.\r\n\r\n«Будущее принадлежит мне» (с) Никола Тесла", "location": "Минск, ул. Зыбицкая, 6", "work_time": "17:00-04:00", "image": "images/tesla_main.jpg", "type": 3, "favourites": []}}, {"model": "web.restaurant", "pk": 7, "fields": {"name": "Кофейня «Lavazza (Лавацца)»", "description": "С сахаром и без, с молоком и черный, эспрессо, латте, американо, капучино… Каждый день в мире выпивается более двух миллиардов чашек кофе, а любители этого напитка не устают проводить дискуссии о том, какой кофе лучше.\r\n\r\nДавно мечтали о том, чтобы найти «ту самую» кофейню, в которой идеальным образом сочетается восхитительный вкус кофе, уютная атмосфера и качественный сервис? Ищете место, которое специализируется на приготовлении бодрящего напитка в любых его проявлениях? Тогда предлагаем Вам остановиться, ведь кофейня «Lavazza» на Немиге именно то, что Вам нужно. «Lavazza» — это кофейня в классическом итальянском стиле с современным подходом к приготовлению кофе.\r\nАтмосфера\r\n\r\nУютная кофейня «Лавацца» предлагает свои гостям комфортное пространство для приятного времяпрепровождения за удобными барными стульями, гармонирующими с основной цветовой гаммой «Lavazza». Здесь нет отвлекающих деталей, яркие акценты аккуратно расставлены по всему залу и не притягивают на себя много внимания, позволяя тем самым наслаждаться бодрящим кофе или легким молочным коктейлем.\r\nМеню\r\n\r\nВ меню бара кофейни представлено четыре сорта кофе, в том числе без кофеина, а также эксклюзивный моносорт. Проверенная временем классика идеально сочетается с современными трендами в мире кофе. Премиальные сорта кофе LAVAZZA доступны гостям по приемлемым ценам, а любой напиток из кофейного меню Вы можете попробовать на одном из четырех представленных сортов:\r\n\r\n    Смесь арабики с робустой\r\n    100% арабика линейки Тиерра\r\n    Уникальный сорт 100% лесной арабики KAFA Forest\r\n    Кофе без кофеина и гостевой кофе\r\n\r\nПозаботились в кофейне и о самых маленьких ее посетителях, проработав детское меню. В «Lavazza» также представлено меню для веганов.\r\nКоманда\r\n\r\nГлавной гордостью кофейни «Lavazza» являются ее бариста — профессионалы своего дела, квалифицированные мастера, которые регулярно самосовершенствуются и принимают участие в различных мастер-классах. Дружелюбные бариста обязательно помогут Вам с выбором и предложат тот сорт кофе, который подходит именно Вашим вкусовым предпочтениям.\r\nПочему именно «Lavazza»?\r\n\r\n    Широкий выбор сортов кофе\r\n    Уютная атмосфера\r\n    Профессиональные бариста\r\n    Демократичные цены\r\n\r\nКофейня «Lavazza» на Немиге — проверенная временем классика в каждой чашке.", "location": "Минск, ул. Немига, 5, эт. 1", "work_time": "10:00-22:00", "image": "images/lavazza_main.jpg", "type": 5, "favourites": []}}, {"model": "web.restaurant", "pk": 8, "fields": {"name": "Ресторан паназиатской кухни «Marumi (Маруми)»", "description": "Ресторан паназиатской кухни Marumi — это уютное заведение для тех, кто не экономит на удовольствии и приятных моментах. Доброжелательная атмосфера, внимательный персонал, быстрое обслуживание и вкусная еда за умеренную цену — заведение предлагает отвлечься от городской суеты и окунуться в красочный микс паназиатской кухни. \r\nОписание\r\n\r\nВ переводе с японского языка marumi — «округлость». Красный кружок, символизирующий солнце и совершенство, изображен на логотипе заведения. В интерьере гармонично сочетаются пастельные, пудровые и мятные тона, которые уводят от традиционной азиатской тематики и подчеркивают минималистичный экодизайн. В интерьере ресторана «Маруми» много дерева, зелени и стильных деталей: например, на стенах красуются летящие журавли — символы удачи и процветания. Пространство имеет три зала, в которых с комфортом может разместиться до 120 гостей.\r\nКухня\r\n\r\nРесторан Marumi приглашает совершить неспешную прогулку по Азии, насладившись многогранной паназиатской кухней. В меню более 70 позиций, среди которых:\r\n\r\n    многочисленные вариации роллов,\r\n    лапша,\r\n    WOK,\r\n    разнообразные супы,\r\n    экзотические салаты,\r\n    морские ассорти и закуски.\r\n\r\nВосточные блюда здесь готовятся в интерпретации шеф-повара, адаптированной под европейский вкус.\r\n\r\nС 12:00 до 16:00 действует обеденное меню, включающее три блюда: горячее, салат и суп. Имеется возможность взять еду на вынос.\r\n\r\nВ ресторане «Маруми» имеется достойная барная карта: представлен богатый ассортимент классических алкогольных напитков, коктейлей, глинтвейна и эксклюзивных чаев из Китая.", "location": "Минск, пр-т Независимости, 78", "work_time": "11:00-23:00", "image": "images/marumi_main1.jpg", "type": 1, "favourites": []}}, {"model": "web.restaurant", "pk": 9, "fields": {"name": "«Lidbeer Bar Легенда»", "description": "Lidbeer Bar Легенда — это три этажа в центре Минска, наполненные необычной едой, любимыми напитками, живой музыкой каждый день и неповторимой атмосферой Лидбиров.\r\n\r\nВ заведении 10 залов с разной атмосферой. Залы выглядят современно, но при этом некоторые белорусские штрихи здесь сохранили: например, роспись стен и мебели в одном из залов.  \r\n\r\nМеню в заведении довольно объемное и универсальное. 70% блюд в меню можно отнести к испанской кухне. В меню «Легенды» также есть начос, кесадилья, фидеуа и фирменная позиция — паэлья с морепродуктами. \r\n\r\nЗаведение работает круглосуточно с перерывом с 8 до 9 утра.", "location": "Минск, ул. Интернациональная, 33", "work_time": "Круглосуточно", "image": "images/Lidbeer_legend_main_1OeQ4JJ.jpg", "type": 3, "favourites": [1]}}, {"model": "web.news", "pk": 1, "fields": {"title": "В Минске открылся новый  круглосуточный трехэтажный lidbeer Бар «Легенда»", "text": "Lidbeer Bar Легенда — это три этажа в центре Минска, наполненные необычной едой, любимыми напитками, живой музыкой каждый день и неповторимой атмосферой Лидбиров.\r\n\r\nВ заведении 10 залов с разной атмосферой. Залы выглядят современно, но при этом некоторые белорусские штрихи здесь сохранили: например, роспись стен и мебели в одном из залов.  \r\n\r\nМеню в заведении довольно объемное и универсальное. 70% блюд в меню можно отнести к испанской кухне. В меню «Легенды» также есть начос, кесадилья, фидеуа и фирменная позиция — паэлья с морепродуктами. \r\n\r\nЗаведение работает круглосуточно с перерывом с 8 до 9 утра.", "pub_date": "2022-01-20", "image": "images/Lidbeer_legend_main.jpg"}}, {"model": "web.news", "pk": 2, "fields": {"title": "Лучшие заведения из 2021, в которые точно стоит сходить", "text": "1.Ресторан «Усадьба»\r\n2.Ресторан «Чумацький шлях» \r\n3.Ресторан «Президент-Отель» \r\n4. Ресторан «Хинкальная» \r\n5.Ресторан «Вестфалия» \r\n6.Ресторан The View\r\n7.Ресторан «Бруклин» \r\n8.Ресторан The Dickens\r\n9.Ресторан НЕФТЬ\r\n10.Ресторан Друзья", "pub_date": "2022-01-20", "image": "images/top10_places_main.jpg"}}, {"model": "web.history", "pk": 2, "fields": {"user": 1, "date_of_visiting": "2022-01-20", "place_of_visiting": 1, "comment": "Невероятно крутое и приятное место. Самым лучшим блюдом оказалось \"блюдо\".Стоит обязательно вернуться"}}, {"model": "web.history", "pk": 3, "fields": {"user": 1, "date_of_visiting": "2022-01-24", "place_of_visiting": 8, "comment": "Вкусная еда, максимально милые и внимательный официанты, быстрая подача. Само место очень уютное. Всем советую. И ещё там готовят невероятно вкусные суши"}}, {"model": "web.history", "pk": 4, "fields": {"user": 2, "date_of_visiting": "2022-01-28", "place_of_visiting": 6, "comment": "было фкусна"}}, {"model": "web.placetype", "pk": 1, "fields": {"type": "ресторан"}}, {"model": "web.placetype", "pk": 2, "fields": {"type": "паб"}}, {"model": "web.placetype", "pk": 3, "fields": {"type": "бар"}}, {"model": "web.placetype", "pk": 4, "fields": {"type": "кафе"}}, {"model": "web.placetype", "pk": 5, "fields": {"type": "кофейня"}}, {"model": "web.placetype", "pk": 6, "fields": {"type": "кальянная"}}, {"model": "web.menu", "pk": 3, "fields": {"place": 1, "menu_image": "menu/Menu_NEFT.png"}}, {"model": "web.menu", "pk": 4, "fields": {"place": 2, "menu_image": "menu/il_patio_menu.jpg"}}, {"model": "web.menu", "pk": 5, "fields": {"place": 4, "menu_image": "menu/hinkalna_menu.jpg"}}, {"model": "web.menu", "pk": 6, "fields": {"place": 5, "menu_image": "menu/friends_menu2_iyXCcZf.jpg"}}, {"model": "web.menu", "pk": 8, "fields": {"place": 5, "menu_image": "menu/friends_menu3.jpg"}}, {"model": "web.menu", "pk": 9, "fields": {"place": 6, "menu_image": "menu/tesla_menu.jpg"}}, {"model": "web.menu", "pk": 10, "fields": {"place": 7, "menu_image": "menu/lavazza_menu.jpg"}}, {"model": "web.menu", "pk": 11, "fields": {"place": 8, "menu_image": "menu/marumi_menu1.jpg"}}, {"model": "web.menu", "pk": 12, "fields": {"place": 8, "menu_image": "menu/marumi_menu2.jpg"}}, {"model": "web.menu", "pk": 13, "fields": {"place": 8, "menu_image": "menu/marumi_menu3.jpg"}}, {"model": "web.menu", "pk": 14, "fields": {"place": 9, "menu_image": "menu/lidbeer_menu1.jpg"}}, {"model": "web.location", "pk": 1, "fields": {"place": 1, "map_location": "https://www.google.com/maps/place/NEFT/@53.8852629,27.5676993,17z/data=!3m1!4b1!4m5!3m4!1s0x46dbcfb04cac4753:0x1eb5003cccc0b5b1!8m2!3d53.8852629!4d27.569888"}}, {"model": "web.location", "pk": 2, "fields": {"place": 2, "map_location": "https://www.google.com/maps/place/prasp.+Niezalie%C5%BEnasci+22,+Minsk/@53.9008677,27.5581952,17z/data=!3m1!4b1!4m5!3m4!1s0x46dbcfc1a2b02933:0x5c1a3283cfdf4338!8m2!3d53.9008677!4d27.5603839"}}, {"model": "web.location", "pk": 3, "fields": {"place": 3, "map_location": "https://www.google.com/maps/place/vulica+%C4%8Carviakova+23,+Minsk/@53.9239251,27.5453124,17z/data=!3m1!4b1!4m5!3m4!1s0x46dbcf86f0302c31:0xdde8c830ae8d5830!8m2!3d53.9239251!4d27.5475011"}}, {"model": "web.location", "pk": 4, "fields": {"place": 4, "map_location": "https://www.google.com/maps/place/vulica+Internacyjana%C4%BAnaja+25,+Minsk/data=!4m2!3m1!1s0x46dbcf67508ba433:0x83ee34f1df9d43df?sa=X&ved=2ahUKEwiqr8v8vdD1AhVRw4sKHSPMD3QQ8gF6BAgJEAE"}}, {"model": "web.location", "pk": 5, "fields": {"place": 5, "map_location": "https://www.google.com/maps/place/%D0%94%D1%80%D1%83%D0%B7%D1%8C%D1%8F/@53.9280679,27.5680321,15z/data=!4m2!3m1!1s0x0:0xdc7ba3b6fd94ee24?sa=X&ved=2ahUKEwiszcH3xND1AhWqxIsKHYDUAoAQ_BJ6BAgsEAU"}}, {"model": "web.location", "pk": 6, "fields": {"place": 6, "map_location": "https://www.google.com/maps/place/Ulitsa+Zybitskaya+6,+Minsk/data=!4m2!3m1!1s0x46dbcf94d3578153:0xfd5862e8c09b18a3?sa=X&ved=2ahUKEwjy8-Lzw9D1AhWmlIsKHfdEBkAQ8gF6BAgHEAE"}}, {"model": "web.location", "pk": 7, "fields": {"place": 7, "map_location": "https://www.google.com/maps/place/1+Et,+%D1%82%D1%86+%22%D0%9C%D0%B5%D1%82%D1%80%D0%BE%D0%BF%D0%BE%D0%BB%D1%8C,+vulica+Niamiha+5,+Minsk/data=!4m2!3m1!1s0x46dbcfe95955c31b:0x8c29cf14d59c4dd?sa=X&ved=2ahUKEwi3gIWayND1AhWSr4sKHZ8JCcYQ8gF6BAgWEAE"}}, {"model": "web.location", "pk": 8, "fields": {"place": 9, "map_location": "https://www.google.com/maps/place/vulica+Internacyjana%C4%BAnaja+33,+Minsk+220030/data=!4m2!3m1!1s0x46dbcfeaafa8cc3f:0x1f75306f9c98cff9?sa=X&ved=2ahUKEwirms7Ny9D1AhVnx4sKHTVqAHcQ8gF6BAgCEAE"}}, {"model": "web.location", "pk": 9, "fields": {"place": 8, "map_location": "https://www.google.com/maps/place/Marumi/@53.9224889,27.6043886,17z/data=!3m1!4b1!4m5!3m4!1s0x46dbcf226b93b6cf:0x87effe851b238a23!8m2!3d53.9225287!4d27.6065669"}}, {"model": "social_django.usersocialauth", "pk": 1, "fields": {"user": 3, "provider": "vk-oauth2", "uid": "223868540", "extra_data": "{\"auth_time\": 1644164161, \"id\": 223868540, \"expires\": 86400, \"access_token\": \"2869d49633845499f561b93ec0fe484ff0450a9aa1039a586dd67a345f8346a571140d3ed7ccbe967a27c\", \"token_type\": null}", "created": "2022-01-27T12:24:14.037Z", "modified": "2022-02-06T16:16:01.249Z"}}, {"model": "taggit.tag", "pk": 1, "fields": {"name": "hookah", "slug": "hookah"}}, {"model": "taggit.tag", "pk": 2, "fields": {"name": "middle-price", "slug": "middle-price"}}, {"model": "taggit.tag", "pk": 3, "fields": {"name": "italian", "slug": "italian"}}, {"model": "taggit.tag", "pk": 4, "fields": {"name": "restaurant", "slug": "restaurant"}}, {"model": "taggit.tag", "pk": 5, "fields": {"name": "top-10", "slug": "top-10"}}, {"model": "taggit.tag", "pk": 6, "fields": {"name": "pizzeria", "slug": "pizzeria"}}, {"model": "taggit.tag", "pk": 7, "fields": {"name": "delivery", "slug": "delivery"}}, {"model": "taggit.tag", "pk": 8, "fields": {"name": "for_couple", "slug": "for_couple"}}, {"model": "taggit.tag", "pk": 9, "fields": {"name": "away", "slug": "away"}}, {"model": "taggit.tag", "pk": 10, "fields": {"name": "stake", "slug": "stake"}}, {"model": "taggit.tag", "pk": 11, "fields": {"name": "pizza", "slug": "pizza"}}, {"model": "taggit.tag", "pk": 12, "fields": {"name": "banquet", "slug": "banquet"}}, {"model": "taggit.tag", "pk": 13, "fields": {"name": "24_hours", "slug": "24_hours"}}, {"model": "taggit.tag", "pk": 14, "fields": {"name": "author_dishes", "slug": "author_dishes"}}, {"model": "taggit.tag", "pk": 15, "fields": {"name": "wedding", "slug": "wedding"}}, {"model": "taggit.tag", "pk": 16, "fields": {"name": "corporate", "slug": "corporate"}}, {"model": "taggit.tag", "pk": 17, "fields": {"name": "sushi", "slug": "sushi"}}, {"model": "taggit.tag", "pk": 18, "fields": {"name": "slavs", "slug": "slavs"}}, {"model": "taggit.tag", "pk": 19, "fields": {"name": "concert", "slug": "concert"}}, {"model": "taggit.tag", "pk": 20, "fields": {"name": "sales", "slug": "sales"}}, {"model": "taggit.tag", "pk": 21, "fields": {"name": "georgian", "slug": "georgian"}}, {"model": "taggit.tag", "pk": 22, "fields": {"name": "karaoke", "slug": "karaoke"}}, {"model": "taggit.tag", "pk": 23, "fields": {"name": "pub", "slug": "pub"}}, {"model": "taggit.tag", "pk": 24, "fields": {"name": "summer_terra", "slug": "summer_terra"}}, {"model": "taggit.tag", "pk": 25, "fields": {"name": "burger", "slug": "burger"}}, {"model": "taggit.tag", "pk": 26, "fields": {"name": "bar", "slug": "bar"}}, {"model": "taggit.tag", "pk": 27, "fields": {"name": "night_club", "slug": "night_club"}}, {"model": "taggit.tag", "pk": 28, "fields": {"name": "dessert", "slug": "dessert"}}, {"model": "taggit.tag", "pk": 29, "fields": {"name": "bakery", "slug": "bakery"}}, {"model": "taggit.tag", "pk": 30, "fields": {"name": "coffee", "slug": "coffee"}}, {"model": "taggit.tag", "pk": 31, "fields": {"name": "delicacy", "slug": "delicacy"}}, {"model": "taggit.tag", "pk": 32, "fields": {"name": "sushi_bar", "slug": "sushi_bar"}}, {"model": "taggit.tag", "pk": 33, "fields": {"name": "vegetarian", "slug": "vegetarian"}}, {"model": "taggit.tag", "pk": 34, "fields": {"name": "asia", "slug": "asia"}}, {"model": "taggit.taggeditem", "pk": 1, "fields": {"tag": 1, "content_type": 9, "object_id": 1}}, {"model": "taggit.taggeditem", "pk": 3, "fields": {"tag": 3, "content_type": 9, "object_id": 1}}, {"model": "taggit.taggeditem", "pk": 4, "fields": {"tag": 4, "content_type": 9, "object_id": 1}}, {"model": "taggit.taggeditem", "pk": 6, "fields": {"tag": 3, "content_type": 9, "object_id": 2}}, {"model": "taggit.taggeditem", "pk": 7, "fields": {"tag": 4, "content_type": 9, "object_id": 2}}, {"model": "taggit.taggeditem", "pk": 8, "fields": {"tag": 6, "content_type": 9, "object_id": 2}}, {"model": "taggit.taggeditem", "pk": 9, "fields": {"tag": 7, "content_type": 9, "object_id": 2}}, {"model": "taggit.taggeditem", "pk": 10, "fields": {"tag": 8, "content_type": 9, "object_id": 2}}, {"model": "taggit.taggeditem", "pk": 11, "fields": {"tag": 9, "content_type": 9, "object_id": 2}}, {"model": "taggit.taggeditem", "pk": 13, "fields": {"tag": 11, "content_type": 9, "object_id": 2}}, {"model": "taggit.taggeditem", "pk": 14, "fields": {"tag": 7, "content_type": 9, "object_id": 1}}, {"model": "taggit.taggeditem", "pk": 15, "fields": {"tag": 8, "content_type": 9, "object_id": 1}}, {"model": "taggit.taggeditem", "pk": 16, "fields": {"tag": 9, "content_type": 9, "object_id": 1}}, {"model": "taggit.taggeditem", "pk": 17, "fields": {"tag": 10, "content_type": 9, "object_id": 1}}, {"model": "taggit.taggeditem", "pk": 18, "fields": {"tag": 12, "content_type": 9, "object_id": 1}}, {"model": "taggit.taggeditem", "pk": 19, "fields": {"tag": 13, "content_type": 9, "object_id": 1}}, {"model": "taggit.taggeditem", "pk": 20, "fields": {"tag": 14, "content_type": 9, "object_id": 1}}, {"model": "taggit.taggeditem", "pk": 21, "fields": {"tag": 15, "content_type": 9, "object_id": 1}}, {"model": "taggit.taggeditem", "pk": 22, "fields": {"tag": 16, "content_type": 9, "object_id": 1}}, {"model": "taggit.taggeditem", "pk": 23, "fields": {"tag": 17, "content_type": 9, "object_id": 2}}, {"model": "taggit.taggeditem", "pk": 24, "fields": {"tag": 4, "content_type": 9, "object_id": 3}}, {"model": "taggit.taggeditem", "pk": 25, "fields": {"tag": 8, "content_type": 9, "object_id": 3}}, {"model": "taggit.taggeditem", "pk": 26, "fields": {"tag": 9, "content_type": 9, "object_id": 3}}, {"model": "taggit.taggeditem", "pk": 27, "fields": {"tag": 15, "content_type": 9, "object_id": 3}}, {"model": "taggit.taggeditem", "pk": 28, "fields": {"tag": 18, "content_type": 9, "object_id": 3}}, {"model": "taggit.taggeditem", "pk": 29, "fields": {"tag": 19, "content_type": 9, "object_id": 3}}, {"model": "taggit.taggeditem", "pk": 30, "fields": {"tag": 20, "content_type": 9, "object_id": 3}}, {"model": "taggit.taggeditem", "pk": 31, "fields": {"tag": 4, "content_type": 9, "object_id": 4}}, {"model": "taggit.taggeditem", "pk": 32, "fields": {"tag": 7, "content_type": 9, "object_id": 4}}, {"model": "taggit.taggeditem", "pk": 33, "fields": {"tag": 9, "content_type": 9, "object_id": 4}}, {"model": "taggit.taggeditem", "pk": 34, "fields": {"tag": 20, "content_type": 9, "object_id": 4}}, {"model": "taggit.taggeditem", "pk": 35, "fields": {"tag": 21, "content_type": 9, "object_id": 4}}, {"model": "taggit.taggeditem", "pk": 36, "fields": {"tag": 9, "content_type": 9, "object_id": 5}}, {"model": "taggit.taggeditem", "pk": 37, "fields": {"tag": 10, "content_type": 9, "object_id": 5}}, {"model": "taggit.taggeditem", "pk": 38, "fields": {"tag": 12, "content_type": 9, "object_id": 5}}, {"model": "taggit.taggeditem", "pk": 39, "fields": {"tag": 16, "content_type": 9, "object_id": 5}}, {"model": "taggit.taggeditem", "pk": 40, "fields": {"tag": 19, "content_type": 9, "object_id": 5}}, {"model": "taggit.taggeditem", "pk": 41, "fields": {"tag": 22, "content_type": 9, "object_id": 5}}, {"model": "taggit.taggeditem", "pk": 42, "fields": {"tag": 23, "content_type": 9, "object_id": 5}}, {"model": "taggit.taggeditem", "pk": 43, "fields": {"tag": 24, "content_type": 9, "object_id": 5}}, {"model": "taggit.taggeditem", "pk": 44, "fields": {"tag": 25, "content_type": 9, "object_id": 5}}, {"model": "taggit.taggeditem", "pk": 45, "fields": {"tag": 12, "content_type": 9, "object_id": 6}}, {"model": "taggit.taggeditem", "pk": 46, "fields": {"tag": 16, "content_type": 9, "object_id": 6}}, {"model": "taggit.taggeditem", "pk": 47, "fields": {"tag": 22, "content_type": 9, "object_id": 6}}, {"model": "taggit.taggeditem", "pk": 48, "fields": {"tag": 26, "content_type": 9, "object_id": 6}}, {"model": "taggit.taggeditem", "pk": 49, "fields": {"tag": 27, "content_type": 9, "object_id": 6}}, {"model": "taggit.taggeditem", "pk": 50, "fields": {"tag": 1, "content_type": 9, "object_id": 6}}, {"model": "taggit.taggeditem", "pk": 51, "fields": {"tag": 1, "content_type": 9, "object_id": 5}}, {"model": "taggit.taggeditem", "pk": 52, "fields": {"tag": 9, "content_type": 9, "object_id": 7}}, {"model": "taggit.taggeditem", "pk": 53, "fields": {"tag": 20, "content_type": 9, "object_id": 7}}, {"model": "taggit.taggeditem", "pk": 54, "fields": {"tag": 24, "content_type": 9, "object_id": 7}}, {"model": "taggit.taggeditem", "pk": 55, "fields": {"tag": 28, "content_type": 9, "object_id": 7}}, {"model": "taggit.taggeditem", "pk": 56, "fields": {"tag": 29, "content_type": 9, "object_id": 7}}, {"model": "taggit.taggeditem", "pk": 57, "fields": {"tag": 30, "content_type": 9, "object_id": 7}}, {"model": "taggit.taggeditem", "pk": 58, "fields": {"tag": 32, "content_type": 9, "object_id": 8}}, {"model": "taggit.taggeditem", "pk": 59, "fields": {"tag": 33, "content_type": 9, "object_id": 8}}, {"model": "taggit.taggeditem", "pk": 60, "fields": {"tag": 34, "content_type": 9, "object_id": 8}}, {"model": "taggit.taggeditem", "pk": 61, "fields": {"tag": 9, "content_type": 9, "object_id": 8}}, {"model": "taggit.taggeditem", "pk": 62, "fields": {"tag": 12, "content_type": 9, "object_id": 8}}, {"model": "taggit.taggeditem", "pk": 63, "fields": {"tag": 14, "content_type": 9, "object_id": 8}}, {"model": "taggit.taggeditem", "pk": 64, "fields": {"tag": 17, "content_type": 9, "object_id": 8}}, {"model": "taggit.taggeditem", "pk": 65, "fields": {"tag": 31, "content_type": 9, "object_id": 8}}, {"model": "taggit.taggeditem", "pk": 66, "fields": {"tag": 1, "content_type": 9, "object_id": 9}}, {"model": "taggit.taggeditem", "pk": 67, "fields": {"tag": 8, "content_type": 9, "object_id": 9}}, {"model": "taggit.taggeditem", "pk": 68, "fields": {"tag": 10, "content_type": 9, "object_id": 9}}, {"model": "taggit.taggeditem", "pk": 69, "fields": {"tag": 12, "content_type": 9, "object_id": 9}}, {"model": "taggit.taggeditem", "pk": 70, "fields": {"tag": 13, "content_type": 9, "object_id": 9}}, {"model": "taggit.taggeditem", "pk": 71, "fields": {"tag": 14, "content_type": 9, "object_id": 9}}, {"model": "taggit.taggeditem", "pk": 72, "fields": {"tag": 16, "content_type": 9, "object_id": 9}}, {"model": "taggit.taggeditem", "pk": 73, "fields": {"tag": 19, "content_type": 9, "object_id": 9}}, {"model": "taggit.taggeditem", "pk": 74, "fields": {"tag": 22, "content_type": 9, "object_id": 9}}, {"model": "taggit.taggeditem", "pk": 75, "fields": {"tag": 23, "content_type": 9, "object_id": 9}}, {"model": "taggit.taggeditem", "pk": 76, "fields": {"tag": 25, "content_type": 9, "object_id": 9}}, {"model": "taggit.taggeditem", "pk": 77, "fields": {"tag": 26, "content_type": 9, "object_id": 9}}, {"model": "admin.logentry", "pk": 1, "fields": {"action_time": "2022-01-20T13:57:17.607Z", "user": 1, "content_type": 8, "object_id": "1", "object_repr": "ресторан", "action_flag": 1, "change_message": "[{\"added\": {}}]"}}, {"model": "admin.logentry", "pk": 2, "fields": {"action_time": "2022-01-20T13:57:21.867Z", "user": 1, "content_type": 8, "object_id": "2", "object_repr": "паб", "action_flag": 1, "change_message": "[{\"added\": {}}]"}}, {"model": "admin.logentry", "pk": 3, "fields": {"action_time": "2022-01-20T13:57:27.303Z", "user": 1, "content_type": 8, "object_id": "3", "object_repr": "бар", "action_flag": 1, "change_message": "[{\"added\": {}}]"}}, {"model": "admin.logentry", "pk": 4, "fields": {"action_time": "2022-01-20T13:57:35.959Z", "user": 1, "content_type": 8, "object_id": "4", "object_repr": "кафе", "action_flag": 1, "change_message": "[{\"added\": {}}]"}}, {"model": "admin.logentry", "pk": 5, "fields": {"action_time": "2022-01-20T13:57:41.802Z", "user": 1, "content_type": 8, "object_id": "5", "object_repr": "кофейня", "action_flag": 1, "change_message": "[{\"added\": {}}]"}}, {"model": "admin.logentry", "pk": 6, "fields": {"action_time": "2022-01-20T13:58:55.235Z", "user": 1, "content_type": 8, "object_id": "6", "object_repr": "кальянная", "action_flag": 1, "change_message": "[{\"added\": {}}]"}}, {"model": "admin.logentry", "pk": 7, "fields": {"action_time": "2022-01-20T14:06:09.606Z", "user": 1, "content_type": 9, "object_id": "1", "object_repr": "NEFT (Нефть)", "action_flag": 1, "change_message": "[{\"added\": {}}]"}}, {"model": "admin.logentry", "pk": 8, "fields": {"action_time": "2022-01-20T14:08:42.906Z", "user": 1, "content_type": 7, "object_id": "1", "object_repr": "Бар «Легенда» — первый белорусский испано-перуанский круглосуточный бар на 1700 квадратов", "action_flag": 1, "change_message": "[{\"added\": {}}]"}}, {"model": "admin.logentry", "pk": 9, "fields": {"action_time": "2022-01-20T14:12:32.898Z", "user": 1, "content_type": 7, "object_id": "2", "object_repr": "Лучшие заведения из 2021, в которые точно стоит сходить", "action_flag": 1, "change_message": "[{\"added\": {}}]"}}, {"model": "admin.logentry", "pk": 10, "fields": {"action_time": "2022-01-20T14:14:03.509Z", "user": 1, "content_type": 11, "object_id": "1", "object_repr": "NEFT (Нефть)", "action_flag": 1, "change_message": "[{\"added\": {}}]"}}, {"model": "admin.logentry", "pk": 11, "fields": {"action_time": "2022-01-20T14:16:05.133Z", "user": 1, "content_type": 12, "object_id": "1", "object_repr": "NEFT (Нефть) - 2022-01-20", "action_flag": 1, "change_message": "[{\"added\": {}}]"}}, {"model": "admin.logentry", "pk": 12, "fields": {"action_time": "2022-01-20T15:49:36.099Z", "user": 1, "content_type": 9, "object_id": "1", "object_repr": "NEFT (Нефть)", "action_flag": 2, "change_message": "[{\"changed\": {\"fields\": [\"\\u0412\\u0440\\u0435\\u043c\\u044f \\u0440\\u0430\\u0431\\u043e\\u0442\\u044b\"]}}]"}}, {"model": "admin.logentry", "pk": 13, "fields": {"action_time": "2022-01-20T16:04:43.514Z", "user": 1, "content_type": 9, "object_id": "1", "object_repr": "NEFT (Нефть)", "action_flag": 2, "change_message": "[{\"changed\": {\"fields\": [\"Image\"]}}]"}}, {"model": "admin.logentry", "pk": 14, "fields": {"action_time": "2022-01-23T18:59:22.510Z", "user": 1, "content_type": 7, "object_id": "1", "object_repr": "Бар «Легенда» — первый белорусский испано-перуанский круглосуточный бар на 1700 квадратов", "action_flag": 2, "change_message": "[{\"changed\": {\"fields\": [\"Image\"]}}]"}}, {"model": "admin.logentry", "pk": 15, "fields": {"action_time": "2022-01-23T19:35:31.926Z", "user": 1, "content_type": 7, "object_id": "2", "object_repr": "Лучшие заведения из 2021, в которые точно стоит сходить", "action_flag": 2, "change_message": "[{\"changed\": {\"fields\": [\"Image\"]}}]"}}, {"model": "admin.logentry", "pk": 16, "fields": {"action_time": "2022-01-23T19:39:07.752Z", "user": 1, "content_type": 7, "object_id": "2", "object_repr": "Лучшие заведения из 2021, в которые точно стоит сходить", "action_flag": 2, "change_message": "[{\"changed\": {\"fields\": [\"\\u0422\\u0435\\u043a\\u0441\\u0442 \\u0441\\u0442\\u0430\\u0442\\u044c\\u0438\"]}}]"}}, {"model": "admin.logentry", "pk": 17, "fields": {"action_time": "2022-01-23T19:55:51.983Z", "user": 1, "content_type": 9, "object_id": "1", "object_repr": "NEFT (Нефть)", "action_flag": 2, "change_message": "[{\"changed\": {\"fields\": [\"Image\"]}}]"}}, {"model": "admin.logentry", "pk": 18, "fields": {"action_time": "2022-01-24T10:05:09.324Z", "user": 1, "content_type": 4, "object_id": "1", "object_repr": "admin", "action_flag": 2, "change_message": "[{\"changed\": {\"fields\": [\"Email address\"]}}]"}}, {"model": "admin.logentry", "pk": 19, "fields": {"action_time": "2022-01-25T22:04:20.821Z", "user": 1, "content_type": 12, "object_id": "1", "object_repr": "NEFT (Нефть) - 2022-01-20", "action_flag": 3, "change_message": ""}}, {"model": "admin.logentry", "pk": 20, "fields": {"action_time": "2022-01-25T23:13:51.256Z", "user": 1, "content_type": 12, "object_id": "1", "object_repr": "NEFT (Нефть) - 2022-01-20", "action_flag": 3, "change_message": ""}}, {"model": "admin.logentry", "pk": 21, "fields": {"action_time": "2022-01-26T00:13:36.635Z", "user": 1, "content_type": 18, "object_id": "1", "object_repr": "Menu object (1)", "action_flag": 1, "change_message": "[{\"added\": {}}]"}}, {"model": "admin.logentry", "pk": 22, "fields": {"action_time": "2022-01-26T00:16:11.960Z", "user": 1, "content_type": 18, "object_id": "1", "object_repr": "Menu object (1)", "action_flag": 3, "change_message": ""}}, {"model": "admin.logentry", "pk": 23, "fields": {"action_time": "2022-01-26T00:17:41.413Z", "user": 1, "content_type": 18, "object_id": "2", "object_repr": "Menu object (2)", "action_flag": 1, "change_message": "[{\"added\": {}}]"}}, {"model": "admin.logentry", "pk": 24, "fields": {"action_time": "2022-01-26T00:37:17.606Z", "user": 1, "content_type": 18, "object_id": "2", "object_repr": "Menu object (2)", "action_flag": 3, "change_message": ""}}, {"model": "admin.logentry", "pk": 25, "fields": {"action_time": "2022-01-26T00:38:08.218Z", "user": 1, "content_type": 18, "object_id": "3", "object_repr": "Menu object (3)", "action_flag": 1, "change_message": "[{\"added\": {}}]"}}, {"model": "admin.logentry", "pk": 26, "fields": {"action_time": "2022-01-26T01:57:52.519Z", "user": 1, "content_type": 19, "object_id": "1", "object_repr": "Location object (1)", "action_flag": 1, "change_message": "[{\"added\": {}}]"}}, {"model": "admin.logentry", "pk": 27, "fields": {"action_time": "2022-01-26T22:04:32.193Z", "user": 1, "content_type": 9, "object_id": "2", "object_repr": "Ресторан «IL Патио (Иль Патио)»", "action_flag": 1, "change_message": "[{\"added\": {}}]"}}, {"model": "admin.logentry", "pk": 28, "fields": {"action_time": "2022-01-26T22:05:34.586Z", "user": 1, "content_type": 19, "object_id": "2", "object_repr": "Ресторан «IL Патио (Иль Патио)»", "action_flag": 1, "change_message": "[{\"added\": {}}]"}}, {"model": "admin.logentry", "pk": 29, "fields": {"action_time": "2022-01-26T22:08:53.140Z", "user": 1, "content_type": 18, "object_id": "4", "object_repr": "Ресторан «IL Патио (Иль Патио)»", "action_flag": 1, "change_message": "[{\"added\": {}}]"}}, {"model": "admin.logentry", "pk": 30, "fields": {"action_time": "2022-01-26T22:11:13.479Z", "user": 1, "content_type": 9, "object_id": "1", "object_repr": "NEFT (Нефть)", "action_flag": 2, "change_message": "[{\"changed\": {\"fields\": [\"Tags\"]}}]"}}, {"model": "admin.logentry", "pk": 31, "fields": {"action_time": "2022-01-26T22:11:33.451Z", "user": 1, "content_type": 9, "object_id": "2", "object_repr": "Ресторан «IL Патио (Иль Патио)»", "action_flag": 2, "change_message": "[{\"changed\": {\"fields\": [\"Tags\"]}}]"}}, {"model": "admin.logentry", "pk": 32, "fields": {"action_time": "2022-01-26T22:13:32.872Z", "user": 1, "content_type": 9, "object_id": "2", "object_repr": "Ресторан «IL Патио (Иль Патио)»", "action_flag": 2, "change_message": "[{\"changed\": {\"fields\": [\"Image\"]}}]"}}, {"model": "admin.logentry", "pk": 33, "fields": {"action_time": "2022-01-26T22:15:14.141Z", "user": 1, "content_type": 9, "object_id": "2", "object_repr": "Ресторан «IL Патио (Иль Патио)»", "action_flag": 2, "change_message": "[{\"changed\": {\"fields\": [\"Tags\"]}}]"}}, {"model": "admin.logentry", "pk": 34, "fields": {"action_time": "2022-01-26T22:32:34.617Z", "user": 1, "content_type": 9, "object_id": "3", "object_repr": "Ресторан «Славянский двор»", "action_flag": 1, "change_message": "[{\"added\": {}}]"}}, {"model": "admin.logentry", "pk": 35, "fields": {"action_time": "2022-01-26T22:33:06.991Z", "user": 1, "content_type": 19, "object_id": "3", "object_repr": "Ресторан «Славянский двор»", "action_flag": 1, "change_message": "[{\"added\": {}}]"}}, {"model": "admin.logentry", "pk": 36, "fields": {"action_time": "2022-01-26T22:36:24.883Z", "user": 1, "content_type": 9, "object_id": "3", "object_repr": "Ресторан «Славянский двор»", "action_flag": 2, "change_message": "[{\"changed\": {\"fields\": [\"Tags\"]}}]"}}, {"model": "admin.logentry", "pk": 37, "fields": {"action_time": "2022-01-26T22:41:29.452Z", "user": 1, "content_type": 9, "object_id": "4", "object_repr": "Ресторан грузинской кухни «Хинкальня»", "action_flag": 1, "change_message": "[{\"added\": {}}]"}}, {"model": "admin.logentry", "pk": 38, "fields": {"action_time": "2022-01-26T22:43:21.151Z", "user": 1, "content_type": 9, "object_id": "4", "object_repr": "Ресторан грузинской кухни «Хинкальня»", "action_flag": 2, "change_message": "[{\"changed\": {\"fields\": [\"Image\"]}}]"}}, {"model": "admin.logentry", "pk": 39, "fields": {"action_time": "2022-01-26T22:43:46.158Z", "user": 1, "content_type": 18, "object_id": "5", "object_repr": "Ресторан грузинской кухни «Хинкальня»", "action_flag": 1, "change_message": "[{\"added\": {}}]"}}, {"model": "admin.logentry", "pk": 40, "fields": {"action_time": "2022-01-26T22:44:19.691Z", "user": 1, "content_type": 19, "object_id": "4", "object_repr": "Ресторан грузинской кухни «Хинкальня»", "action_flag": 1, "change_message": "[{\"added\": {}}]"}}, {"model": "admin.logentry", "pk": 41, "fields": {"action_time": "2022-01-26T22:52:06.728Z", "user": 1, "content_type": 9, "object_id": "5", "object_repr": "Ресторан-пивоварня «Друзья»", "action_flag": 1, "change_message": "[{\"added\": {}}]"}}, {"model": "admin.logentry", "pk": 42, "fields": {"action_time": "2022-01-26T22:52:26.704Z", "user": 1, "content_type": 18, "object_id": "6", "object_repr": "Ресторан-пивоварня «Друзья»", "action_flag": 1, "change_message": "[{\"added\": {}}]"}}, {"model": "admin.logentry", "pk": 43, "fields": {"action_time": "2022-01-26T22:52:39.298Z", "user": 1, "content_type": 18, "object_id": "7", "object_repr": "Ресторан-пивоварня «Друзья»", "action_flag": 1, "change_message": "[{\"added\": {}}]"}}, {"model": "admin.logentry", "pk": 44, "fields": {"action_time": "2022-01-26T22:54:22.178Z", "user": 1, "content_type": 18, "object_id": "7", "object_repr": "Ресторан-пивоварня «Друзья»", "action_flag": 3, "change_message": ""}}, {"model": "admin.logentry", "pk": 45, "fields": {"action_time": "2022-01-26T22:56:42.789Z", "user": 1, "content_type": 18, "object_id": "6", "object_repr": "Ресторан-пивоварня «Друзья»", "action_flag": 2, "change_message": "[{\"changed\": {\"fields\": [\"\\u0424\\u043e\\u0442\\u043e \\u043c\\u0435\\u043d\\u044e\"]}}]"}}, {"model": "admin.logentry", "pk": 46, "fields": {"action_time": "2022-01-26T22:58:11.999Z", "user": 1, "content_type": 18, "object_id": "8", "object_repr": "Ресторан-пивоварня «Друзья»", "action_flag": 1, "change_message": "[{\"added\": {}}]"}}, {"model": "admin.logentry", "pk": 47, "fields": {"action_time": "2022-01-26T22:59:57.927Z", "user": 1, "content_type": 9, "object_id": "5", "object_repr": "Ресторан-пивоварня «Друзья»", "action_flag": 2, "change_message": "[{\"changed\": {\"fields\": [\"Image\"]}}]"}}, {"model": "admin.logentry", "pk": 48, "fields": {"action_time": "2022-01-26T23:01:49.418Z", "user": 1, "content_type": 9, "object_id": "4", "object_repr": "Ресторан грузинской кухни «Хинкальня»", "action_flag": 2, "change_message": "[{\"changed\": {\"fields\": [\"Image\"]}}]"}}, {"model": "admin.logentry", "pk": 49, "fields": {"action_time": "2022-01-26T23:10:07.650Z", "user": 1, "content_type": 9, "object_id": "6", "object_repr": "Tesla bar (Тесла бар)", "action_flag": 1, "change_message": "[{\"added\": {}}]"}}, {"model": "admin.logentry", "pk": 50, "fields": {"action_time": "2022-01-26T23:10:53.127Z", "user": 1, "content_type": 19, "object_id": "5", "object_repr": "Ресторан-пивоварня «Друзья»", "action_flag": 1, "change_message": "[{\"added\": {}}]"}}, {"model": "admin.logentry", "pk": 51, "fields": {"action_time": "2022-01-26T23:11:11.437Z", "user": 1, "content_type": 19, "object_id": "6", "object_repr": "Tesla bar (Тесла бар)", "action_flag": 1, "change_message": "[{\"added\": {}}]"}}, {"model": "admin.logentry", "pk": 52, "fields": {"action_time": "2022-01-26T23:11:30.333Z", "user": 1, "content_type": 18, "object_id": "9", "object_repr": "Tesla bar (Тесла бар)", "action_flag": 1, "change_message": "[{\"added\": {}}]"}}, {"model": "admin.logentry", "pk": 53, "fields": {"action_time": "2022-01-26T23:15:41.701Z", "user": 1, "content_type": 9, "object_id": "6", "object_repr": "Tesla bar (Тесла бар)", "action_flag": 2, "change_message": "[{\"changed\": {\"fields\": [\"Tags\"]}}]"}}, {"model": "admin.logentry", "pk": 54, "fields": {"action_time": "2022-01-26T23:15:57.975Z", "user": 1, "content_type": 9, "object_id": "5", "object_repr": "Ресторан-пивоварня «Друзья»", "action_flag": 2, "change_message": "[{\"changed\": {\"fields\": [\"Tags\"]}}]"}}, {"model": "admin.logentry", "pk": 55, "fields": {"action_time": "2022-01-26T23:24:34.839Z", "user": 1, "content_type": 9, "object_id": "7", "object_repr": "Кофейня «Lavazza (Лавацца)»", "action_flag": 1, "change_message": "[{\"added\": {}}]"}}, {"model": "admin.logentry", "pk": 56, "fields": {"action_time": "2022-01-26T23:24:49.624Z", "user": 1, "content_type": 18, "object_id": "10", "object_repr": "Кофейня «Lavazza (Лавацца)»", "action_flag": 1, "change_message": "[{\"added\": {}}]"}}, {"model": "admin.logentry", "pk": 57, "fields": {"action_time": "2022-01-26T23:25:29.652Z", "user": 1, "content_type": 19, "object_id": "7", "object_repr": "Кофейня «Lavazza (Лавацца)»", "action_flag": 1, "change_message": "[{\"added\": {}}]"}}, {"model": "admin.logentry", "pk": 58, "fields": {"action_time": "2022-01-26T23:29:29.664Z", "user": 1, "content_type": 9, "object_id": "8", "object_repr": "Ресторан паназиатской кухни «Marumi (Маруми)»", "action_flag": 1, "change_message": "[{\"added\": {}}]"}}, {"model": "admin.logentry", "pk": 59, "fields": {"action_time": "2022-01-26T23:32:08.560Z", "user": 1, "content_type": 9, "object_id": "8", "object_repr": "Ресторан паназиатской кухни «Marumi (Маруми)»", "action_flag": 2, "change_message": "[{\"changed\": {\"fields\": [\"Image\"]}}]"}}, {"model": "admin.logentry", "pk": 60, "fields": {"action_time": "2022-01-26T23:32:31.042Z", "user": 1, "content_type": 18, "object_id": "11", "object_repr": "Ресторан паназиатской кухни «Marumi (Маруми)»", "action_flag": 1, "change_message": "[{\"added\": {}}]"}}, {"model": "admin.logentry", "pk": 61, "fields": {"action_time": "2022-01-26T23:32:44.321Z", "user": 1, "content_type": 18, "object_id": "12", "object_repr": "Ресторан паназиатской кухни «Marumi (Маруми)»", "action_flag": 1, "change_message": "[{\"added\": {}}]"}}, {"model": "admin.logentry", "pk": 62, "fields": {"action_time": "2022-01-26T23:33:01.048Z", "user": 1, "content_type": 18, "object_id": "13", "object_repr": "Ресторан паназиатской кухни «Marumi (Маруми)»", "action_flag": 1, "change_message": "[{\"added\": {}}]"}}, {"model": "admin.logentry", "pk": 63, "fields": {"action_time": "2022-01-26T23:34:51.157Z", "user": 1, "content_type": 9, "object_id": "8", "object_repr": "Ресторан паназиатской кухни «Marumi (Маруми)»", "action_flag": 2, "change_message": "[{\"changed\": {\"fields\": [\"Image\"]}}]"}}, {"model": "admin.logentry", "pk": 64, "fields": {"action_time": "2022-01-26T23:39:56.477Z", "user": 1, "content_type": 9, "object_id": "9", "object_repr": "«Lidbeer Bar Легенда»", "action_flag": 1, "change_message": "[{\"added\": {}}]"}}, {"model": "admin.logentry", "pk": 65, "fields": {"action_time": "2022-01-26T23:40:05.241Z", "user": 1, "content_type": 9, "object_id": "9", "object_repr": "«Lidbeer Bar Легенда»", "action_flag": 2, "change_message": "[]"}}, {"model": "admin.logentry", "pk": 66, "fields": {"action_time": "2022-01-26T23:40:33.917Z", "user": 1, "content_type": 19, "object_id": "8", "object_repr": "«Lidbeer Bar Легенда»", "action_flag": 1, "change_message": "[{\"added\": {}}]"}}, {"model": "admin.logentry", "pk": 67, "fields": {"action_time": "2022-01-26T23:41:08.724Z", "user": 1, "content_type": 19, "object_id": "9", "object_repr": "Ресторан паназиатской кухни «Marumi (Маруми)»", "action_flag": 1, "change_message": "[{\"added\": {}}]"}}, {"model": "admin.logentry", "pk": 68, "fields": {"action_time": "2022-01-26T23:42:42.440Z", "user": 1, "content_type": 18, "object_id": "14", "object_repr": "«Lidbeer Bar Легенда»", "action_flag": 1, "change_message": "[{\"added\": {}}]"}}, {"model": "admin.logentry", "pk": 69, "fields": {"action_time": "2022-01-26T23:44:08.488Z", "user": 1, "content_type": 18, "object_id": "14", "object_repr": "«Lidbeer Bar Легенда»", "action_flag": 2, "change_message": "[{\"changed\": {\"fields\": [\"\\u0424\\u043e\\u0442\\u043e \\u043c\\u0435\\u043d\\u044e\"]}}]"}}, {"model": "admin.logentry", "pk": 70, "fields": {"action_time": "2022-01-27T13:46:07.618Z", "user": 1, "content_type": 11, "object_id": "1", "object_repr": "NEFT (Нефть)", "action_flag": 3, "change_message": ""}}, {"model": "admin.logentry", "pk": 71, "fields": {"action_time": "2022-01-27T13:51:17.140Z", "user": 1, "content_type": 7, "object_id": "1", "object_repr": "В Минске открылся новый  руглосуточный трехэтажный lidbeer Бар «Легенда»", "action_flag": 2, "change_message": "[{\"changed\": {\"fields\": [\"\\u041d\\u0430\\u0437\\u0432\\u0430\\u043d\\u0438\\u0435\", \"\\u0422\\u0435\\u043a\\u0441\\u0442 \\u0441\\u0442\\u0430\\u0442\\u044c\\u0438\"]}}]"}}, {"model": "admin.logentry", "pk": 72, "fields": {"action_time": "2022-01-27T13:51:40.502Z", "user": 1, "content_type": 7, "object_id": "1", "object_repr": "В Минске открылся новый  круглосуточный трехэтажный lidbeer Бар «Легенда»", "action_flag": 2, "change_message": "[{\"changed\": {\"fields\": [\"\\u041d\\u0430\\u0437\\u0432\\u0430\\u043d\\u0438\\u0435\"]}}]"}}, {"model": "auth.permission", "pk": 1, "fields": {"name": "Can add log entry", "content_type": 1, "codename": "add_logentry"}}, {"model": "auth.permission", "pk": 2, "fields": {"name": "Can change log entry", "content_type": 1, "codename": "change_logentry"}}, {"model": "auth.permission", "pk": 3, "fields": {"name": "Can delete log entry", "content_type": 1, "codename": "delete_logentry"}}, {"model": "auth.permission", "pk": 4, "fields": {"name": "Can view log entry", "content_type": 1, "codename": "view_logentry"}}, {"model": "auth.permission", "pk": 5, "fields": {"name": "Can add permission", "content_type": 2, "codename": "add_permission"}}, {"model": "auth.permission", "pk": 6, "fields": {"name": "Can change permission", "content_type": 2, "codename": "change_permission"}}, {"model": "auth.permission", "pk": 7, "fields": {"name": "Can delete permission", "content_type": 2, "codename": "delete_permission"}}, {"model": "auth.permission", "pk": 8, "fields": {"name": "Can view permission", "content_type": 2, "codename": "view_permission"}}, {"model": "auth.permission", "pk": 9, "fields": {"name": "Can add group", "content_type": 3, "codename": "add_group"}}, {"model": "auth.permission", "pk": 10, "fields": {"name": "Can change group", "content_type": 3, "codename": "change_group"}}, {"model": "auth.permission", "pk": 11, "fields": {"name": "Can delete group", "content_type": 3, "codename": "delete_group"}}, {"model": "auth.permission", "pk": 12, "fields": {"name": "Can view group", "content_type": 3, "codename": "view_group"}}, {"model": "auth.permission", "pk": 13, "fields": {"name": "Can add user", "content_type": 4, "codename": "add_user"}}, {"model": "auth.permission", "pk": 14, "fields": {"name": "Can change user", "content_type": 4, "codename": "change_user"}}, {"model": "auth.permission", "pk": 15, "fields": {"name": "Can delete user", "content_type": 4, "codename": "delete_user"}}, {"model": "auth.permission", "pk": 16, "fields": {"name": "Can view user", "content_type": 4, "codename": "view_user"}}, {"model": "auth.permission", "pk": 17, "fields": {"name": "Can add content type", "content_type": 5, "codename": "add_contenttype"}}, {"model": "auth.permission", "pk": 18, "fields": {"name": "Can change content type", "content_type": 5, "codename": "change_contenttype"}}, {"model": "auth.permission", "pk": 19, "fields": {"name": "Can delete content type", "content_type": 5, "codename": "delete_contenttype"}}, {"model": "auth.permission", "pk": 20, "fields": {"name": "Can view content type", "content_type": 5, "codename": "view_contenttype"}}, {"model": "auth.permission", "pk": 21, "fields": {"name": "Can add session", "content_type": 6, "codename": "add_session"}}, {"model": "auth.permission", "pk": 22, "fields": {"name": "Can change session", "content_type": 6, "codename": "change_session"}}, {"model": "auth.permission", "pk": 23, "fields": {"name": "Can delete session", "content_type": 6, "codename": "delete_session"}}, {"model": "auth.permission", "pk": 24, "fields": {"name": "Can view session", "content_type": 6, "codename": "view_session"}}, {"model": "auth.permission", "pk": 25, "fields": {"name": "Can add Новость", "content_type": 7, "codename": "add_news"}}, {"model": "auth.permission", "pk": 26, "fields": {"name": "Can change Новость", "content_type": 7, "codename": "change_news"}}, {"model": "auth.permission", "pk": 27, "fields": {"name": "Can delete Новость", "content_type": 7, "codename": "delete_news"}}, {"model": "auth.permission", "pk": 28, "fields": {"name": "Can view Новость", "content_type": 7, "codename": "view_news"}}, {"model": "auth.permission", "pk": 29, "fields": {"name": "Can add place type", "content_type": 8, "codename": "add_placetype"}}, {"model": "auth.permission", "pk": 30, "fields": {"name": "Can change place type", "content_type": 8, "codename": "change_placetype"}}, {"model": "auth.permission", "pk": 31, "fields": {"name": "Can delete place type", "content_type": 8, "codename": "delete_placetype"}}, {"model": "auth.permission", "pk": 32, "fields": {"name": "Can view place type", "content_type": 8, "codename": "view_placetype"}}, {"model": "auth.permission", "pk": 33, "fields": {"name": "Can add restaurant", "content_type": 9, "codename": "add_restaurant"}}, {"model": "auth.permission", "pk": 34, "fields": {"name": "Can change restaurant", "content_type": 9, "codename": "change_restaurant"}}, {"model": "auth.permission", "pk": 35, "fields": {"name": "Can delete restaurant", "content_type": 9, "codename": "delete_restaurant"}}, {"model": "auth.permission", "pk": 36, "fields": {"name": "Can view restaurant", "content_type": 9, "codename": "view_restaurant"}}, {"model": "auth.permission", "pk": 37, "fields": {"name": "Can add tag search", "content_type": 10, "codename": "add_tagsearch"}}, {"model": "auth.permission", "pk": 38, "fields": {"name": "Can change tag search", "content_type": 10, "codename": "change_tagsearch"}}, {"model": "auth.permission", "pk": 39, "fields": {"name": "Can delete tag search", "content_type": 10, "codename": "delete_tagsearch"}}, {"model": "auth.permission", "pk": 40, "fields": {"name": "Can view tag search", "content_type": 10, "codename": "view_tagsearch"}}, {"model": "auth.permission", "pk": 41, "fields": {"name": "Can add wish list item", "content_type": 11, "codename": "add_wishlistitem"}}, {"model": "auth.permission", "pk": 42, "fields": {"name": "Can change wish list item", "content_type": 11, "codename": "change_wishlistitem"}}, {"model": "auth.permission", "pk": 43, "fields": {"name": "Can delete wish list item", "content_type": 11, "codename": "delete_wishlistitem"}}, {"model": "auth.permission", "pk": 44, "fields": {"name": "Can view wish list item", "content_type": 11, "codename": "view_wishlistitem"}}, {"model": "auth.permission", "pk": 45, "fields": {"name": "Can add history", "content_type": 12, "codename": "add_history"}}, {"model": "auth.permission", "pk": 46, "fields": {"name": "Can change history", "content_type": 12, "codename": "change_history"}}, {"model": "auth.permission", "pk": 47, "fields": {"name": "Can delete history", "content_type": 12, "codename": "delete_history"}}, {"model": "auth.permission", "pk": 48, "fields": {"name": "Can view history", "content_type": 12, "codename": "view_history"}}, {"model": "auth.permission", "pk": 49, "fields": {"name": "Can add association", "content_type": 13, "codename": "add_association"}}, {"model": "auth.permission", "pk": 50, "fields": {"name": "Can change association", "content_type": 13, "codename": "change_association"}}, {"model": "auth.permission", "pk": 51, "fields": {"name": "Can delete association", "content_type": 13, "codename": "delete_association"}}, {"model": "auth.permission", "pk": 52, "fields": {"name": "Can view association", "content_type": 13, "codename": "view_association"}}, {"model": "auth.permission", "pk": 53, "fields": {"name": "Can add code", "content_type": 14, "codename": "add_code"}}, {"model": "auth.permission", "pk": 54, "fields": {"name": "Can change code", "content_type": 14, "codename": "change_code"}}, {"model": "auth.permission", "pk": 55, "fields": {"name": "Can delete code", "content_type": 14, "codename": "delete_code"}}, {"model": "auth.permission", "pk": 56, "fields": {"name": "Can view code", "content_type": 14, "codename": "view_code"}}, {"model": "auth.permission", "pk": 57, "fields": {"name": "Can add nonce", "content_type": 15, "codename": "add_nonce"}}, {"model": "auth.permission", "pk": 58, "fields": {"name": "Can change nonce", "content_type": 15, "codename": "change_nonce"}}, {"model": "auth.permission", "pk": 59, "fields": {"name": "Can delete nonce", "content_type": 15, "codename": "delete_nonce"}}, {"model": "auth.permission", "pk": 60, "fields": {"name": "Can view nonce", "content_type": 15, "codename": "view_nonce"}}, {"model": "auth.permission", "pk": 61, "fields": {"name": "Can add user social auth", "content_type": 16, "codename": "add_usersocialauth"}}, {"model": "auth.permission", "pk": 62, "fields": {"name": "Can change user social auth", "content_type": 16, "codename": "change_usersocialauth"}}, {"model": "auth.permission", "pk": 63, "fields": {"name": "Can delete user social auth", "content_type": 16, "codename": "delete_usersocialauth"}}, {"model": "auth.permission", "pk": 64, "fields": {"name": "Can view user social auth", "content_type": 16, "codename": "view_usersocialauth"}}, {"model": "auth.permission", "pk": 65, "fields": {"name": "Can add partial", "content_type": 17, "codename": "add_partial"}}, {"model": "auth.permission", "pk": 66, "fields": {"name": "Can change partial", "content_type": 17, "codename": "change_partial"}}, {"model": "auth.permission", "pk": 67, "fields": {"name": "Can delete partial", "content_type": 17, "codename": "delete_partial"}}, {"model": "auth.permission", "pk": 68, "fields": {"name": "Can view partial", "content_type": 17, "codename": "view_partial"}}, {"model": "auth.permission", "pk": 69, "fields": {"name": "Can add menu", "content_type": 18, "codename": "add_menu"}}, {"model": "auth.permission", "pk": 70, "fields": {"name": "Can change menu", "content_type": 18, "codename": "change_menu"}}, {"model": "auth.permission", "pk": 71, "fields": {"name": "Can delete menu", "content_type": 18, "codename": "delete_menu"}}, {"model": "auth.permission", "pk": 72, "fields": {"name": "Can view menu", "content_type": 18, "codename": "view_menu"}}, {"model": "auth.permission", "pk": 73, "fields": {"name": "Can add Фото Меню", "content_type": 19, "codename": "add_location"}}, {"model": "auth.permission", "pk": 74, "fields": {"name": "Can change Фото Меню", "content_type": 19, "codename": "change_location"}}, {"model": "auth.permission", "pk": 75, "fields": {"name": "Can delete Фото Меню", "content_type": 19, "codename": "delete_location"}}, {"model": "auth.permission", "pk": 76, "fields": {"name": "Can view Фото Меню", "content_type": 19, "codename": "view_location"}}, {"model": "auth.permission", "pk": 77, "fields": {"name": "Can add tag", "content_type": 20, "codename": "add_tag"}}, {"model": "auth.permission", "pk": 78, "fields": {"name": "Can change tag", "content_type": 20, "codename": "change_tag"}}, {"model": "auth.permission", "pk": 79, "fields": {"name": "Can delete tag", "content_type": 20, "codename": "delete_tag"}}, {"model": "auth.permission", "pk": 80, "fields": {"name": "Can view tag", "content_type": 20, "codename": "view_tag"}}, {"model": "auth.permission", "pk": 81, "fields": {"name": "Can add tagged item", "content_type": 21, "codename": "add_taggeditem"}}, {"model": "auth.permission", "pk": 82, "fields": {"name": "Can change tagged item", "content_type": 21, "codename": "change_taggeditem"}}, {"model": "auth.permission", "pk": 83, "fields": {"name": "Can delete tagged item", "content_type": 21, "codename": "delete_taggeditem"}}, {"model": "auth.permission", "pk": 84, "fields": {"name": "Can view tagged item", "content_type": 21, "codename": "view_taggeditem"}}, {"model": "auth.user", "pk": 1, "fields": {"password": "pbkdf2_sha256$320000$eTSXd7ZpfOWHPHuAq54yE5$he40cZcBZWJIR8ODUfed+LPo3rJQqtqHU4fqt1H5aF4=", "last_login": "2022-01-27T16:42:44.612Z", "is_superuser": true, "username": "admin", "first_name": "", "last_name": "", "email": "example@example.com", "is_staff": true, "is_active": true, "date_joined": "2022-01-20T13:54:59Z", "groups": [], "user_permissions": []}}, {"model": "auth.user", "pk": 2, "fields": {"password": "pbkdf2_sha256$320000$GZGP4OWq64svcBnPxAPuLz$X8NmSVMXwIGv5YE48Oet5JYf3j2x6ol8yWpvpDDDJXY=", "last_login": "2022-02-06T16:14:41.885Z", "is_superuser": false, "username": "user1", "first_name": "Roman", "last_name": "?", "email": "example1@example.com", "is_staff": false, "is_active": true, "date_joined": "2022-01-24T10:52:26.504Z", "groups": [], "user_permissions": []}}, {"model": "auth.user", "pk": 3, "fields": {"password": "!inwB6L1i4qLVOfnR3ilZNj680SQpmKCNVwhUPOEM", "last_login": "2022-02-06T16:16:01.284Z", "is_superuser": false, "username": "rylko_roman", "first_name": "Роман", "last_name": "Рылко", "email": "", "is_staff": false, "is_active": true, "date_joined": "2022-01-27T12:24:14.018Z", "groups": [], "user_permissions": []}}, {"model": "contenttypes.contenttype", "pk": 1, "fields": {"app_label": "admin", "model": "logentry"}}, {"model": "contenttypes.contenttype", "pk": 2, "fields": {"app_label": "auth", "model": "permission"}}, {"model": "contenttypes.contenttype", "pk": 3, "fields": {"app_label": "auth", "model": "group"}}, {"model": "contenttypes.contenttype", "pk": 4, "fields": {"app_label": "auth", "model": "user"}}, {"model": "contenttypes.contenttype", "pk": 5, "fields": {"app_label": "contenttypes", "model": "contenttype"}}, {"model": "contenttypes.contenttype", "pk": 6, "fields": {"app_label": "sessions", "model": "session"}}, {"model": "contenttypes.contenttype", "pk": 7, "fields": {"app_label": "web", "model": "news"}}, {"model": "contenttypes.contenttype", "pk": 8, "fields": {"app_label": "web", "model": "placetype"}}, {"model": "contenttypes.contenttype", "pk": 9, "fields": {"app_label": "web", "model": "restaurant"}}, {"model": "contenttypes.contenttype", "pk": 10, "fields": {"app_label": "web", "model": "tagsearch"}}, {"model": "contenttypes.contenttype", "pk": 11, "fields": {"app_label": "web", "model": "wishlistitem"}}, {"model": "contenttypes.contenttype", "pk": 12, "fields": {"app_label": "web", "model": "history"}}, {"model": "contenttypes.contenttype", "pk": 13, "fields": {"app_label": "social_django", "model": "association"}}, {"model": "contenttypes.contenttype", "pk": 14, "fields": {"app_label": "social_django", "model": "code"}}, {"model": "contenttypes.contenttype", "pk": 15, "fields": {"app_label": "social_django", "model": "nonce"}}, {"model": "contenttypes.contenttype", "pk": 16, "fields": {"app_label": "social_django", "model": "usersocialauth"}}, {"model": "contenttypes.contenttype", "pk": 17, "fields": {"app_label": "social_django", "model": "partial"}}, {"model": "contenttypes.contenttype", "pk": 18, "fields": {"app_label": "web", "model": "menu"}}, {"model": "contenttypes.contenttype", "pk": 19, "fields": {"app_label": "web", "model": "location"}}, {"model": "contenttypes.contenttype", "pk": 20, "fields": {"app_label": "taggit", "model": "tag"}}, {"model": "contenttypes.contenttype", "pk": 21, "fields": {"app_label": "taggit", "model": "taggeditem"}}, {"model": "sessions.session", "pk": "lylmddoamn8alke91dysnq6j4ozqgb9i", "fields": {"session_data": "eyJnb29nbGUtb2F1dGgyX3N0YXRlIjoiMG5BNWRyanlxamp0ZzN4a252OWlYMmh0ampMYjZ4d04ifQ:1nD31M:kEKcAG3IFzgHJ1YQvQsnZyqhiwXIgQ1I20n4wyTthkE", "expire_date": "2022-02-10T11:32:56.923Z"}}, {"model": "sessions.session", "pk": "ul38y4764e1smculyweakh2evd3rwkci", "fields": {"session_data": ".eJyrVirL1s1PLC3JMIovLkksSVWyUsrLyA4Myy2PSPRJTgsJMzT0MygM88koy0oxrvAxD8wqVdJRSs_PT89JRddYauQe7J2c6ujnmlkalpSZGJDinVPsHWmaH2Zh4JzmaqlUCwByHCXb:1nGkDh:BNjYTARdkyKm49JYejmVNhI-4veeg__SUfItZqumM-g", "expire_date": "2022-02-20T16:16:57.548Z"}}]